Title,Company,Link
Big Data Python/Java Developer,BoyleSoftware,https://stackoverflow.com/jobs/158726/big-data-python-java-developer-boyle-software?a=Ren74BhnfoY&so=i&pg=1&offset=0&total=85&so_medium=Internal&so_source=JobSearch&q=python&r=true
Senior Fullstack Python Developer,Backtracks,https://stackoverflow.com/jobs/509421/senior-fullstack-python-developer-backtracks?a=2KQklKM6Iqvm&so=i&pg=1&offset=1&total=85&so_medium=Internal&so_source=JobSearch&q=python&r=true
Python Developer,ShipHero,https://stackoverflow.com/jobs/521121/python-developer-shiphero?a=2OLBvf43fup2&so=i&pg=1&offset=2&total=85&so_medium=Internal&so_source=JobSearch&q=python&r=true
Full-Stack PHP/Python Web Developer,Kettle,https://stackoverflow.com/jobs/295624/full-stack-php-python-web-developer-kettle?a=1B8S9IKdkBmE&so=i&pg=1&offset=3&total=85&so_medium=Internal&so_source=JobSearch&q=python&r=true
"Software Engineer, Integration QA, Python",Canonical,https://stackoverflow.com/jobs/451978/software-engineer-integration-qa-python-canonical?a=2rzVe13m4wXm&so=i&pg=1&offset=4&total=85&so_medium=Internal&so_source=JobSearch&q=python&r=true
"Open Source Developer & DevOps (Python, Django, AWS, OpenStack)",OpenCraft,https://stackoverflow.com/jobs/453430/open-source-developer-devops-python-django-opencraft?a=2s475d4WIn4I&so=i&pg=1&offset=5&total=85&so_medium=Internal&so_source=JobSearch&q=python&r=true
"Senior Software Engineer, Integration QA, Python",Canonical,https://stackoverflow.com/jobs/519661/senior-software-engineer-integration-qa-python-canonical?a=2OhfkCQ9ChCE&so=i&pg=1&offset=6&total=85&so_medium=Internal&so_source=JobSearch&q=python&r=true
Freelance Insight Engine Developer in Python!,Rialtic,https://stackoverflow.com/jobs/483940/freelance-insight-engine-developer-in-python-rialtic?a=2CiviZ42W63u&so=i&pg=1&offset=7&total=85&so_medium=Internal&so_source=JobSearch&q=python&r=true
Automated Testing in Selenium & Cucumber with Python!,Rialtic,https://stackoverflow.com/jobs/520017/automated-testing-in-selenium-cucumber-with-rialtic?a=2OoEgVFMF34A&so=i&pg=1&offset=8&total=85&so_medium=Internal&so_source=JobSearch&q=python&r=true
Senior Full-stack Engineer,"ApolloFactor,Inc",https://stackoverflow.com/jobs/521213/senior-full-stack-engineer-apollofactor-inc?a=2ONw6BlzDc0U&so=i&pg=1&offset=9&total=85&so_medium=Internal&so_source=JobSearch&q=python&r=true
Senior Software Engineer needed to battle censorship worldwide.,"BraveNewSoftwareProject,Inc.",https://stackoverflow.com/jobs/516114/senior-software-engineer-needed-to-battle-brave-new-software-project?a=2N5uQDMaHuLu&so=i&pg=1&offset=10&total=85&so_medium=Internal&so_source=JobSearch&q=python&r=true
"Senior Full Stack Engineer with a love for React, Node & Typescript REMOTE",EverRealGmbH,https://stackoverflow.com/jobs/457385/senior-full-stack-engineer-with-a-love-for-react-everreal-gmbh?a=2tolHJHRMrL2&so=i&pg=1&offset=11&total=85&so_medium=Internal&so_source=JobSearch&q=python&r=true
Senior Backend Engineer (x/f/m),Wonder,https://stackoverflow.com/jobs/481173/senior-backend-engineer-x-f-m-wonder?a=2BmYcHUBQNEs&so=i&pg=1&offset=12&total=85&so_medium=Internal&so_source=JobSearch&q=python&r=true
Backend Engineer,Tessian,https://stackoverflow.com/jobs/475360/backend-engineer-tessian?a=2zq6uhCS5ekU&so=i&pg=1&offset=13&total=85&so_medium=Internal&so_source=JobSearch&q=python&r=true
Remote Software Engineer Internship,HENNGEK.K.,https://stackoverflow.com/jobs/518082/remote-software-engineer-internship-hennge-kk?a=2NKpKBacvLuU&so=i&pg=1&offset=14&total=85&so_medium=Internal&so_source=JobSearch&q=python&r=true
"Full-stack JS / C++ 3D Senior Engineers (Javascript, WebGL, UE4, Vulkan, ...)",4DPipeline,https://stackoverflow.com/jobs/499619/full-stack-js-c-plus-plus-3d-senior-engineers-4d-pipeline?a=2Hyw1gzPvkCA&so=i&pg=1&offset=15&total=85&so_medium=Internal&so_source=JobSearch&q=python&r=true
Backend JS engineer,Hummingbot,https://stackoverflow.com/jobs/518817/backend-js-engineer-hummingbot?a=2NZHhxTQcdNK&so=i&pg=1&offset=16&total=85&so_medium=Internal&so_source=JobSearch&q=python&r=true
Dev-Ops Engineer,Hummingbot,https://stackoverflow.com/jobs/509038/dev-ops-engineer-hummingbot?a=2KImBoLWA3jW&so=i&pg=1&offset=17&total=85&so_medium=Internal&so_source=JobSearch&q=python&r=true
Backend Engineer,Tidepool,https://stackoverflow.com/jobs/490522/backend-engineer-tidepool?a=2EvmxTn2LzyM&so=i&pg=1&offset=18&total=85&so_medium=Internal&so_source=JobSearch&q=python&r=true
Chromium Software Engineer,eyeoGmbH,https://stackoverflow.com/jobs/509364/chromium-software-engineer-eyeo-gmbh?a=2KP91RiK5lmw&so=i&pg=1&offset=19&total=85&so_medium=Internal&so_source=JobSearch&q=python&r=true
Senior Full Stack Software Engineer,Samotics,https://stackoverflow.com/jobs/516831/senior-full-stack-software-engineer-samotics?a=2NkpaT47ESA0&so=i&pg=1&offset=20&total=85&so_medium=Internal&so_source=JobSearch&q=python&r=true
DevOps Engineer,"ScratchFinancial,Inc",https://stackoverflow.com/jobs/521751/devops-engineer-scratch-financial-inc?a=2OYHFLHaH1wk&so=i&pg=1&offset=21&total=85&so_medium=Internal&so_source=JobSearch&q=python&r=true
Senior Frontend Engineer (x/f/m),Wonder,https://stackoverflow.com/jobs/481172/senior-frontend-engineer-x-f-m-wonder?a=2BmWUMo4tD4k&so=i&pg=1&offset=22&total=85&so_medium=Internal&so_source=JobSearch&q=python&r=true
Software Architect (Django/Flask + React),SelfDecode,https://stackoverflow.com/jobs/522628/software-architect-django-flask-plus-react-self-decode?a=2PgWgsXfrIzu&so=i&pg=1&offset=23&total=85&so_medium=Internal&so_source=JobSearch&q=python&r=true
Front-End Engineer,Hummingbot,https://stackoverflow.com/jobs/440502/front-end-engineer-hummingbot?a=2nJiQmjZfHAA&so=i&pg=1&offset=24&total=85&so_medium=Internal&so_source=JobSearch&q=python&r=true
DevOps Engineer to Battle Censorship Worldwide,"BraveNewSoftwareProject,Inc.",https://stackoverflow.com/jobs/515715/devops-engineer-to-battle-censorship-worldwide-brave-new-software-project?a=2MXctrnoAoi4&so=i&pg=2&offset=0&total=85&so_medium=Internal&so_source=JobSearch&q=python&r=true
Senior WebRTC Engineer (x/f/m),Wonder,https://stackoverflow.com/jobs/481174/senior-webrtc-engineer-x-f-m-wonder?a=2BmZuDr9dYeA&so=i&pg=2&offset=1&total=85&so_medium=Internal&so_source=JobSearch&q=python&r=true
Full Stack Engineer,LeadIQ,https://stackoverflow.com/jobs/522484/full-stack-engineer-leadiq?a=2PdWCRnJD8EU&so=i&pg=2&offset=2&total=85&so_medium=Internal&so_source=JobSearch&q=python&r=true
Experienced Full Stack Engineer - Remote,"Theorem,LLC",https://stackoverflow.com/jobs/499683/experienced-full-stack-engineer-remote-theorem-llc?a=2HzQGDBB5TZm&so=i&pg=2&offset=3&total=85&so_medium=Internal&so_source=JobSearch&q=python&r=true
Senior PHP/ReactJS Developer,PNDLM,https://stackoverflow.com/jobs/277527/senior-php-reactjs-developer-pndlm?a=1v4AfYeR6DLy&so=i&pg=2&offset=4&total=85&so_medium=Internal&so_source=JobSearch&q=python&r=true
Software Engineer - Ubuntu Server,Canonical,https://stackoverflow.com/jobs/453719/software-engineer-ubuntu-server-canonical?a=2sa7ElKvIHu0&so=i&pg=2&offset=5&total=85&so_medium=Internal&so_source=JobSearch&q=python&r=true
Engineering Manager (x/f/m),Wonder,https://stackoverflow.com/jobs/481171/engineering-manager-x-f-m-wonder?a=2BmVCQRx6suc&so=i&pg=2&offset=6&total=85&so_medium=Internal&so_source=JobSearch&q=python&r=true
Lead developer Go+Angular,CEL,https://stackoverflow.com/jobs/495979/lead-developer-go-plusangular-cel?a=2GkPu0gta1uU&so=i&pg=2&offset=7&total=85&so_medium=Internal&so_source=JobSearch&q=python&r=true
Senior DevOps Engineer (x/f/m),Wonder,https://stackoverflow.com/jobs/492546/senior-devops-engineer-x-f-m-wonder?a=2FbrNNAxb2ZW&so=i&pg=2&offset=8&total=85&so_medium=Internal&so_source=JobSearch&q=python&r=true
Sr Engineer - Embedded in Rust,Ockam,https://stackoverflow.com/jobs/506025/sr-engineer-embedded-in-rust-ockam?a=2JHIwRXpepDG&so=i&pg=2&offset=9&total=85&so_medium=Internal&so_source=JobSearch&q=python&r=true
Software Engineer Cloud DevOps - IaC,Samotics,https://stackoverflow.com/jobs/519033/software-engineer-cloud-devops-iac-samotics?a=2O4bTWHqAJK8&so=i&pg=2&offset=10&total=85&so_medium=Internal&so_source=JobSearch&q=python&r=true
Senior DevOps Engineer,AdaHealthGmbH,https://stackoverflow.com/jobs/507625/senior-devops-engineer-ada-health-gmbh?a=2KeZ1odlvRVC&so=i&pg=2&offset=11&total=85&so_medium=Internal&so_source=JobSearch&q=python&r=true
Field Software Engineer - EMEA,Canonical,https://stackoverflow.com/jobs/501791/field-software-engineer-emea-canonical?a=2IhG4usZe4iQ&so=i&pg=2&offset=12&total=85&so_medium=Internal&so_source=JobSearch&q=python&r=true
Senior Software Engineer,Casana,https://stackoverflow.com/jobs/522982/senior-software-engineer-casana?a=2PoiCUJNK8Ra&so=i&pg=2&offset=13&total=85&so_medium=Internal&so_source=JobSearch&q=python&r=true
"Full Stack Developer, CMS","U.S.News&WorldReport,Inc.",https://stackoverflow.com/jobs/468941/full-stack-developer-cms-us-news-world-report-inc?a=2xgDdCqiuVK8&so=i&pg=2&offset=14&total=85&so_medium=Internal&so_source=JobSearch&q=python&r=true
Data Engineer,Etiometry,https://stackoverflow.com/jobs/496276/data-engineer-etiometry?a=2Gr0mz8l9Ize&so=i&pg=2&offset=15&total=85&so_medium=Internal&so_source=JobSearch&q=python&r=true
Full Stack Engineer,OctaneAI,https://stackoverflow.com/jobs/472431/full-stack-engineer-octane-ai?a=2yrcnI0UMDss&so=i&pg=2&offset=16&total=85&so_medium=Internal&so_source=JobSearch&q=python&r=true
DevOps Engineer,SelfDecode,https://stackoverflow.com/jobs/522639/devops-engineer-self-decode?a=2PharFJayAYU&so=i&pg=2&offset=17&total=85&so_medium=Internal&so_source=JobSearch&q=python&r=true
Applied Scientist,Yelp,https://stackoverflow.com/jobs/497089/applied-scientist-yelp?a=2GHUrSNXZuk8&so=i&pg=2&offset=18&total=85&so_medium=Internal&so_source=JobSearch&q=python&r=true
"Director of Engineering (Full Stack); Leader, Mentor, Partner - work with us!",RemixdMedia,https://stackoverflow.com/jobs/455957/director-of-engineering-full-stack-leader-remixd-media?a=2sUEMOhc6HCM&so=i&pg=2&offset=19&total=85&so_medium=Internal&so_source=JobSearch&q=python&r=true
Software Engineer - Cloud Images,Canonical,https://stackoverflow.com/jobs/454599/software-engineer-cloud-images-canonical?a=2ssq6PAcAUhy&so=i&pg=2&offset=20&total=85&so_medium=Internal&so_source=JobSearch&q=python&r=true
iOS QA Engineer (m/f/d),EnoteGmbH,https://stackoverflow.com/jobs/523265/ios-qa-engineer-m-f-d-enote-gmbh?a=2Pubsug8vrLG&so=i&pg=2&offset=21&total=85&so_medium=Internal&so_source=JobSearch&q=python&r=true
Anti-Fraud Engineer,BraveSoftware,https://stackoverflow.com/jobs/445655/anti-fraud-engineer-brave-software?a=2pss2p75HUs0&so=i&pg=2&offset=22&total=85&so_medium=Internal&so_source=JobSearch&q=python&r=true
"Senior Software Engineer, Wikimedia Enterprise","WikimediaFoundation,Inc.",https://stackoverflow.com/jobs/523367/senior-software-engineer-wikimedia-enterprise-wikimedia-foundation-inc?a=2PwiX7N2CRcQ&so=i&pg=2&offset=23&total=85&so_medium=Internal&so_source=JobSearch&q=python&r=true
"Cloud Operations Engineer, Americas",Canonical,https://stackoverflow.com/jobs/522545/cloud-operations-engineer-americas-canonical?a=2PfdgsozqycM&so=i&pg=2&offset=24&total=85&so_medium=Internal&so_source=JobSearch&q=python&r=true
Engineering Manager,Tessian,https://stackoverflow.com/jobs/515559/engineering-manager-tessian?a=2MTXmHvqhLnW&so=i&pg=3&offset=0&total=85&so_medium=Internal&so_source=JobSearch&q=python&r=true
Integrations Engineer,Tessian,https://stackoverflow.com/jobs/512022/integrations-engineer-tessian?a=2LIpC0fvr2fu&so=i&pg=3&offset=1&total=85&so_medium=Internal&so_source=JobSearch&q=python&r=true
"Director of Engineering (Full Stack); Leader, Mentor, Partner - work with us!",RemixdMedia,https://stackoverflow.com/jobs/455957/director-of-engineering-full-stack-leader-remixd-media?a=2sUEMOhc6HCM&so=i&pg=3&offset=2&total=85&so_medium=Internal&so_source=JobSearch&q=python&r=true
"Snr Backend Engineer: life-changing mission, US/Canada location",Paige,https://stackoverflow.com/jobs/522182/snr-backend-engineer-life-changing-mission-us-paige?a=2P7FsEkureKs&so=i&pg=3&offset=3&total=85&so_medium=Internal&so_source=JobSearch&q=python&r=true
iOS QA Engineer (m/f/d),EnoteGmbH,https://stackoverflow.com/jobs/523265/ios-qa-engineer-m-f-d-enote-gmbh?a=2Pubsug8vrLG&so=i&pg=3&offset=4&total=85&so_medium=Internal&so_source=JobSearch&q=python&r=true
"Software Engineer, Ceph & Storage, EMEA",Canonical,https://stackoverflow.com/jobs/517647/software-engineer-ceph-storage-emea-canonical?a=2NBmXZS2Ww0M&so=i&pg=3&offset=5&total=85&so_medium=Internal&so_source=JobSearch&q=python&r=true
Software Engineering Lead - Fast Track,Canonical,https://stackoverflow.com/jobs/522163/software-engineering-lead-fast-track-canonical?a=2P7gO1UWFlBu&so=i&pg=3&offset=6&total=85&so_medium=Internal&so_source=JobSearch&q=python&r=true
Cloud Native Field Software Engineer - APAC,Canonical,https://stackoverflow.com/jobs/512382/cloud-native-field-software-engineer-apac-canonical?a=2LPTy1JYiPXq&so=i&pg=3&offset=7&total=85&so_medium=Internal&so_source=JobSearch&q=python&r=true
"Dedicated Services Engineer, Customer Dedicated, Tokyo (Remote)",Canonical,https://stackoverflow.com/jobs/469392/dedicated-services-engineer-customer-dedicated-canonical?a=2xq0D4742Uyk&so=i&pg=3&offset=8&total=85&so_medium=Internal&so_source=JobSearch&q=python&r=true
Cloud Support Engineer (Remote),Platform.sh,https://stackoverflow.com/jobs/506044/cloud-support-engineer-remote-platformsh?a=2JI6RvujF0DC&so=i&pg=3&offset=9&total=85&so_medium=Internal&so_source=JobSearch&q=python&r=true
Senior IoT Systems Engineer,Canonical,https://stackoverflow.com/jobs/512740/senior-iot-systems-engineer-canonical?a=2LXl4bCG5WzC&so=i&pg=3&offset=10&total=85&so_medium=Internal&so_source=JobSearch&q=python&r=true
C++ Engineer - Desktop,Spotify,https://stackoverflow.com/jobs/496575/c-plus-plus-engineer-desktop-spotify?a=2GxdYYuBzoSk&so=i&pg=3&offset=11&total=85&so_medium=Internal&so_source=JobSearch&q=python&r=true
Cloud Engineer (remote),Platform.sh,https://stackoverflow.com/jobs/493242/cloud-engineer-remote-platformsh?a=2FpV3yRbhQzK&so=i&pg=3&offset=12&total=85&so_medium=Internal&so_source=JobSearch&q=python&r=true
Architect - Rust Library Design,Ockam,https://stackoverflow.com/jobs/505263/architect-rust-library-design-ockam?a=2JrSbS3eslBm&so=i&pg=3&offset=13&total=85&so_medium=Internal&so_source=JobSearch&q=python&r=true
"Site Reliability Engineer, Europe",Canonical,https://stackoverflow.com/jobs/516883/site-reliability-engineer-europe-canonical?a=2Nlu38UNq6Oc&so=i&pg=3&offset=14&total=85&so_medium=Internal&so_source=JobSearch&q=python&r=true
Testing and Deployment Engineer,Tutuka,https://stackoverflow.com/jobs/507678/testing-and-deployment-engineer-tutuka?a=2Kg5lz1SjUOs&so=i&pg=3&offset=15&total=85&so_medium=Internal&so_source=JobSearch&q=python&r=true
Bionformatics Engineer,MemorialSloanKetteringCancerCenter,https://stackoverflow.com/jobs/515736/bionformatics-engineer-memorial-sloan-kettering?a=2MXDxVoHqYuI&so=i&pg=3&offset=16&total=85&so_medium=Internal&so_source=JobSearch&q=python&r=true
Head of Data Science,FATMAP,https://stackoverflow.com/jobs/522740/head-of-data-science-fatmap?a=2PjgEnJxiPPW&so=i&pg=3&offset=17&total=85&so_medium=Internal&so_source=JobSearch&q=python&r=true
Data Engineer,Samotics,https://stackoverflow.com/jobs/518209/data-engineer-samotics?a=2NN3DqfSE5zO&so=i&pg=3&offset=18&total=85&so_medium=Internal&so_source=JobSearch&q=python&r=true
DevOps Engineer,ShipHero,https://stackoverflow.com/jobs/523589/devops-engineer-shiphero?a=2PAV96ixAKzu&so=i&pg=3&offset=19&total=85&so_medium=Internal&so_source=JobSearch&q=python&r=true
Technical Account Manager - Performance Tuning specialist (remote),Platform.sh,https://stackoverflow.com/jobs/521813/technical-account-manager-performance-tuning-platformsh?a=2OZZBiexRBEk&so=i&pg=3&offset=20&total=85&so_medium=Internal&so_source=JobSearch&q=python&r=true
"Technical Account Manager, AMER",Canonical,https://stackoverflow.com/jobs/461308/technical-account-manager-amer-canonical?a=2uHV4zxyT3Ne&so=i&pg=3&offset=21&total=85&so_medium=Internal&so_source=JobSearch&q=python&r=true
Associate Field Software Engineer - EMEA,Canonical,https://stackoverflow.com/jobs/471550/associate-field-software-engineer-emea-canonical?a=2y8SDiEGxg4M&so=i&pg=3&offset=22&total=85&so_medium=Internal&so_source=JobSearch&q=python&r=true
Senior IoT Systems Engineer,Canonical,https://stackoverflow.com/jobs/512707/senior-iot-systems-engineer-canonical?a=2LWEwziULjlm&so=i&pg=3&offset=23&total=85&so_medium=Internal&so_source=JobSearch&q=python&r=true
Site Reliability Engineer,ContainerSolutionsB.V.,https://stackoverflow.com/jobs/486391/site-reliability-engineer-container-solutions-bv?a=2D7t24nnVsjK&so=i&pg=3&offset=24&total=85&so_medium=Internal&so_source=JobSearch&q=python&r=true
Software Engineering Director - Fast Track,Canonical,https://stackoverflow.com/jobs/518809/software-engineering-director-fast-track-canonical?a=2NZx878QSvfi&so=i&pg=4&offset=0&total=85&so_medium=Internal&so_source=JobSearch&q=python&r=true
"Site Reliability Engineer, Europe",Canonical,https://stackoverflow.com/jobs/516883/site-reliability-engineer-europe-canonical?a=2Nlu38UNq6Oc&so=i&pg=4&offset=1&total=85&so_medium=Internal&so_source=JobSearch&q=python&r=true
"Site Reliability Engineer, Wikimedia Cloud Services","WikimediaFoundation,Inc.",https://stackoverflow.com/jobs/522687/site-reliability-engineer-wikimedia-cloud-wikimedia-foundation-inc?a=2PiakcV0uMX6&so=i&pg=4&offset=2&total=85&so_medium=Internal&so_source=JobSearch&q=python&r=true
Associate Field Software Engineer - EMEA,Canonical,https://stackoverflow.com/jobs/471550/associate-field-software-engineer-emea-canonical?a=2y8SDiEGxg4M&so=i&pg=4&offset=3&total=85&so_medium=Internal&so_source=JobSearch&q=python&r=true
"Technical Account Manager, AMER",Canonical,https://stackoverflow.com/jobs/461308/technical-account-manager-amer-canonical?a=2uHV4zxyT3Ne&so=i&pg=4&offset=4&total=85&so_medium=Internal&so_source=JobSearch&q=python&r=true
Site Reliability Engineer,ContainerSolutionsB.V.,https://stackoverflow.com/jobs/486391/site-reliability-engineer-container-solutions-bv?a=2D7t24nnVsjK&so=i&pg=4&offset=5&total=85&so_medium=Internal&so_source=JobSearch&q=python&r=true
Security Engineer (remote),Platform.sh,https://stackoverflow.com/jobs/397331/security-engineer-remote-platformsh?a=29fEAsHElSI8&so=i&pg=4&offset=6&total=85&so_medium=Internal&so_source=JobSearch&q=python&r=true
Hiring Senior & Mid Software Engineers,lightmatter,https://stackoverflow.com/jobs/523002/hiring-senior-mid-software-engineers-lightmatter?a=2PoIptezdyvK&so=i&pg=4&offset=7&total=85&so_medium=Internal&so_source=JobSearch&q=python&r=true
Lead NLP Data Scientist,Tessian,https://stackoverflow.com/jobs/475362/lead-nlp-data-scientist-tessian?a=2zq948FWPzva&so=i&pg=4&offset=8&total=85&so_medium=Internal&so_source=JobSearch&q=python&r=true
Software Automation Engineer,GoodNotes,https://stackoverflow.com/jobs/479128/software-automation-engineer-goodnotes?a=2AGrSjFOAJYA&so=i&pg=4&offset=9&total=85&so_medium=Internal&so_source=JobSearch&q=python&r=true
Senior Python Engineer,DataKitchen,https://weworkremotely.com/remote-jobs/datakitchen-senior-python-engineer
"Open Source Developer & DevOps (Python, Django, React, AWS/OpenStack)",OpenCraft,https://weworkremotely.com/remote-jobs/opencraft-open-source-developer-devops-python-django-react-aws-openstack
Senior Python and Machine Learning Engineer - Remote - EU Time Zone,Top Remote Company,https://weworkremotely.com/remote-jobs/cvedia-senior-python-and-machine-learning-engineer-remote-eu-time-zone
Senior Python Developer,Maxiom Apps,https://weworkremotely.com/remote-jobs/maxiom-apps-senior-python-developer
Senior Full-Stack (Python React) Engineer,Synergy Sports,https://weworkremotely.com/remote-jobs/synergy-sports-senior-full-stack-python-react-engineer
Senior Python Engineer,RebelMouse,https://weworkremotely.com/remote-jobs/rebelmouse-senior-python-engineer-1
(Senior) Python Full Stack Software Developer,Optimile,https://weworkremotely.com/remote-jobs/optimile-senior-python-full-stack-software-developer
Python Engineer,TradeCore,https://weworkremotely.com/remote-jobs/tradecore-python-engineer
Senior Python Developer,Kaiju Capital Management,https://weworkremotely.com/remote-jobs/kaiju-capital-management-senior-python-developer
Python Full Stack Software Developer (senior) - remote,Bubbling,https://weworkremotely.com/remote-jobs/bubbling-python-full-stack-software-developer-senior-remote-1
Full Stack Developer (Python & Vue.js),Motoinsight,https://weworkremotely.com/remote-jobs/motoinsight-full-stack-developer-python-vue-js
Senior Python Developer Itemize,FinTech AI Company,https://remoteok.io//remote-jobs/103495-remote-senior-python-developer-itemize-fintech-ai-company
Python Developer,Ampcontrol,https://remoteok.io//remote-jobs/103491-remote-python-developer-ampcontrol
Software Engineer,Argyle,https://remoteok.io//remote-jobs/103424-remote-software-engineer-argyle
Senior Software Engineer,Administrate,https://remoteok.io//remote-jobs/103216-remote-senior-software-engineer-administrate
Senior Open Source Developer DevOps,OpenCraft,https://remoteok.io//remote-jobs/103181-remote-senior-open-source-developer-devops-opencraft
Lead Salesforce Developer,Georgia Institute of Technology,https://remoteok.io//remote-jobs/103115-remote-lead-salesforce-developer-georgia-institute-of-technology
Senior Software Engineer,Administrate,https://remoteok.io//remote-jobs/102166-remote-senior-software-engineer-administrate
Backend Software Engineer,Nav Inc,https://remoteok.io//remote-jobs/102132-remote-backend-software-engineer-nav-inc
Senior Software Engineer,Iterative,https://remoteok.io//remote-jobs/99244-remote-senior-software-engineer-iterative
Senior Software Engineer Python,Genesys,https://remoteok.io//remote-jobs/103305-remote-senior-software-engineer-python-genesys
Enthousiastic Full Stack Developer With A Python Django Preference,Apicbase Belgium,https://remoteok.io//remote-jobs/103040-remote-enthousiastic-full-stack-developer-with-a-python-django-preference-apicbase-belgium
Senior Fullstack Python Developer,Backtracks.fm,https://remoteok.io//remote-jobs/102525-remote-senior-fullstack-python-developer-backtracks-fm
Senior C++ Developer,Flightradar24,https://remoteok.io//remote-jobs/102386-remote-senior-c-plus-plus-developer-flightradar24
Senior Backend Engineers,Argyle,https://remoteok.io//remote-jobs/102322-remote-senior-backend-engineers-argyle
Software Engineer,Argyle,https://remoteok.io//remote-jobs/102320-remote-software-engineer-argyle
Sr Software Engineer Data Infra,Doximity,https://remoteok.io//remote-jobs/102138-remote-sr-software-engineer-data-infra-doximity
Senior Software Engineer,Splitgraph,https://remoteok.io//remote-jobs/102104-remote-senior-software-engineer-splitgraph
Software Engineer Full Stack,Mainvest,https://remoteok.io//remote-jobs/102003-remote-software-engineer-full-stack-mainvest
Manager Toolchain Software Engineering,DataKitchen,https://remoteok.io//remote-jobs/101765-remote-manager-toolchain-software-engineering-datakitchen
Senior Backend Software Engineers,Argyle,https://remoteok.io//remote-jobs/101553-remote-senior-backend-software-engineers-argyle
Senior Software Engineer,Muck Rack,https://remoteok.io//remote-jobs/101485-remote-senior-software-engineer-muck-rack
Senior Python Django Developer,ZibaSec,https://remoteok.io//remote-jobs/101445-remote-senior-python-django-developer-zibasec
Senior Software Engineer,Muck Rack,https://remoteok.io//remote-jobs/101377-remote-senior-software-engineer-muck-rack
Senior Software Engineer,Administrate,https://remoteok.io//remote-jobs/101155-remote-senior-software-engineer-administrate
Senior Software Engineer,Welcome,https://remoteok.io//remote-jobs/101139-remote-senior-software-engineer-welcome
Software Engineer,Argyle,https://remoteok.io//remote-jobs/100929-remote-software-engineer-argyle
DevOps Software Engineer,The Linux Foundation,https://remoteok.io//remote-jobs/100705-remote-devops-software-engineer-the-linux-foundation
Senior Python Engineer,DataKitchen,https://remoteok.io//remote-jobs/100682-remote-senior-python-engineer-datakitchen
Software Engineer,Ampcontrol.io,https://remoteok.io//remote-jobs/100578-remote-software-engineer-ampcontrol-io
Full Stack Developer,HelloMaaS,https://remoteok.io//remote-jobs/100554-remote-full-stack-developer-hellomaas
Web Developer,LearnCube,https://remoteok.io//remote-jobs/100457-remote-web-developer-learncube
Senior Software Engineer,NannyML,https://remoteok.io//remote-jobs/100441-remote-senior-software-engineer-nannyml
Full Stack Developer,Earning Together,https://remoteok.io//remote-jobs/100005-remote-full-stack-developer-earning-together
Python Engineer,Intent Technologies,https://remoteok.io//remote-jobs/100003-remote-python-engineer-intent-technologies
Senior Developer,Toptal,https://remoteok.io//remote-jobs/99898-remote-senior-developer-toptal
Senior Backend Developer,Clarity Movement Co.,https://remoteok.io//remote-jobs/99896-remote-senior-backend-developer-clarity-movement-co
Backend Developer Data Scientist,komoot,https://remoteok.io//remote-jobs/99798-remote-backend-developer-data-scientist-komoot
Senior Front End Developer,PolySwarm,https://remoteok.io//remote-jobs/99794-remote-senior-front-end-developer-polyswarm
Senior Software Engineer,JetBridge,https://remoteok.io//remote-jobs/99792-remote-senior-software-engineer-jetbridge
Sr Software Engineer React React Native,Very LLC,https://remoteok.io//remote-jobs/99730-remote-sr-software-engineer-react-react-native-very-llc
Senior Full Stack Engineer,GooseChase,https://remoteok.io//remote-jobs/99701-remote-senior-full-stack-engineer-goosechase
Back End Developer,InReach Ventures,https://remoteok.io//remote-jobs/99530-remote-back-end-developer-inreach-ventures
Senior Back End Engineer,Beyond Pricing,https://remoteok.io//remote-jobs/99409-remote-senior-back-end-engineer-beyond-pricing
Senior Software Engineer,Muck Rack,https://remoteok.io//remote-jobs/99378-remote-senior-software-engineer-muck-rack
Senior Software Engineer,Netdata Inc,https://remoteok.io//remote-jobs/99258-remote-senior-software-engineer-netdata-inc
Lead Back End Developer,Simpleweb,https://remoteok.io//remote-jobs/99178-remote-lead-back-end-developer-simpleweb
Full Stack Developer,Coconut ,https://remoteok.io//remote-jobs/99168-remote-full-stack-developer-coconut
Freelance Backend Developer,Toptal,https://remoteok.io//remote-jobs/99118-remote-freelance-backend-developer-remote-toptal
Lead Full Stack Software Engineer,Prominent Edge,https://remoteok.io//remote-jobs/97397-remote-lead-full-stack-software-engineer-prominent-edge
Full Stack Python JavaScript Developer,Fjelltopp,https://remoteok.io//remote-jobs/97053-remote-full-stack-python-js-developer-fjelltopp
Python + Django Software Engineer,WP Media,https://remoteok.io//remote-jobs/96938-remote-python-django-software-engineer-wp-media
Software Engineer Security,Doximity,https://remoteok.io//remote-jobs/86398-remote-software-engineer-security-doximity
Python Backend Developer,Favox,https://remoteok.io//remote-jobs/102836-remote-python-backend-developer-favox
Senior Python Developer,CitNOW Video,https://remoteok.io//remote-jobs/102832-remote-senior-python-developer-citnow-video
Senior Python Developer,ACCURE Battery Intelligence,https://remoteok.io//remote-jobs/102594-remote-senior-python-developer-accure-battery-intelligence
Python Developer,Etiometry,https://remoteok.io//remote-jobs/102245-remote-python-developer-etiometry
Senior Full Stack Django Python Developer,Share Edge,https://remoteok.io//remote-jobs/102097-remote-senior-full-stack-django-python-developer-share-edge
Senior Python Developer,Ambient Innovation,https://remoteok.io//remote-jobs/101685-remote-senior-python-developer-ambient-innovation
Python Developer,Pentalog,https://remoteok.io//remote-jobs/100839-remote-python-developer-pentalog
Python Web Developer,RavenPack International SL,https://remoteok.io//remote-jobs/100836-remote-python-web-developer-ravenpack-international-sl
Jr Mid React Python Developer,Compugain,https://remoteok.io//remote-jobs/100695-remote-jr-mid-react-python-developer-compugain
Python Developer,Mako Medical,https://remoteok.io//remote-jobs/99941-remote-python-developer-mako-medical
Python Developer,CMAS Systems,https://remoteok.io//remote-jobs/99676-remote-python-developer-cmas-systems
Senior Python Developer,Findaway World,https://remoteok.io//remote-jobs/99575-remote-senior-python-developer-findaway-world
Python C Developer,HealthLumen,https://remoteok.io//remote-jobs/99294-remote-python-c-developer-healthlumen
Senior Python Developer,Findaway,https://remoteok.io//remote-jobs/99062-remote-senior-python-developer-findaway
Python Developer,BairesDev,https://remoteok.io//remote-jobs/98788-remote-python-developer-bairesdev
SR Django Developer,Trafilea,https://remoteok.io//remote-jobs/98666-remote-sr-django-developer-trafilea
Senior Software Engineer Python Tornado Amazon Web Services,Verys,https://remoteok.io//remote-jobs/98654-remote-senior-software-engineer-python-tornado-aws-verys
Python Developer,YouGov,https://remoteok.io//remote-jobs/98637-remote-python-developer-yougov
Principal Python Software Developer,Railroad19,https://remoteok.io//remote-jobs/98621-remote-principal-python-software-developer-railroad19
Experienced Python Developer,ShipHero,https://remoteok.io//remote-jobs/98580-remote-experienced-python-developer-shiphero
Senior Full Stack Python Developer,REPAY,https://remoteok.io//remote-jobs/98420-remote-senior-full-stack-python-developer-repay
Senior Python Developer,Adspert Bidmanagement,https://remoteok.io//remote-jobs/98409-remote-senior-python-developer-adspert-bidmanagement
Expert Django Developer,AppEvolve,https://remoteok.io//remote-jobs/98165-remote-expert-django-developer-appevolve
Python Developer,PeopleDoc,https://remoteok.io//remote-jobs/98046-remote-python-developer-peopledoc
Senior Python Developer,Flashpoint,https://remoteok.io//remote-jobs/97840-remote-senior-python-developer-flashpoint
Python Developer,UCRAFT,https://remoteok.io//remote-jobs/97815-remote-python-developer-ucraft
Python Developer,Upstack,https://remoteok.io//remote-jobs/97638-remote-python-developer-upstack
Python Full Stack Developer,REPAY,https://remoteok.io//remote-jobs/97466-remote-python-full-stack-developer-repay
Python Developer,Bitedge,https://remoteok.io//remote-jobs/97419-remote-python-developer-bitedge
Expert Django Developer,DjangoForce,https://remoteok.io//remote-jobs/97248-remote-expert-django-developer-djangoforce
Senior Software Engineer Python,Verys,https://remoteok.io//remote-jobs/97215-remote-senior-software-engineer-python-verys
Integrations Full Stack Python Developer,REPAY,https://remoteok.io//remote-jobs/97110-remote-integrations-full-stack-python-developer-repay
Senior Django Developer,Scalable Path,https://remoteok.io//remote-jobs/86775-remote-senior-django-developer-scalable-path
Senior Python Developer,We Are Common,https://remoteok.io//remote-jobs/86754-remote-senior-python-developer-we-are-common
Jr Python Developer,AppEvolve,https://remoteok.io//remote-jobs/86685-remote-jr-python-developer-appevolve
Senior Software Engineer,Routable,https://remoteok.io//remote-jobs/86632-remote-senior-software-engineer-python-django-routable
Full Stack Developer Node.js Python Go Autonomy Flexibility New Team,Oscatel,https://remoteok.io//remote-jobs/87096-remote-full-stack-developer-node-js-python-go-autonomy-flexibility-new-team-oscatel
Senior Python Developer,Backtracks,https://remoteok.io//remote-jobs/87344-remote-senior-python-developer-backtracks
